id;application_serial;address_type;thana_other;line_1;line_2
1;19157;PRESENT;payment Product Function-based;GB Assistant HDD;3rd generation cyan
2;41303;PERMANENT;compelling moderator violet;architectures Indonesia;analyzing Automated Kids
3;25847;PERMANENT;Ergonomic Concrete Towels;infomediaries protocol National;Assistant Gorgeous
4;33120;PERMANENT;deposit;Avon Associate;invoice
5;86904;PERMANENT;hack Towels;Multi-tiered policy Skyway;analyzing
6;90695;PERMANENT;Solomon Islands Dollar;system Spurs Liaison;leverage Fish withdrawal
7;12833;PRESENT;deposit Buckinghamshire;cyan pixel challenge;Accountability
8;18357;PERMANENT;matrices;Pizza;bluetooth
9;86263;PERMANENT;local area network Plastic Tasty Steel Pizza;Integration Home Loan Account;indexing eyeballs programming
10;85242;PRESENT;programming;Future Fields;withdrawal
